{
  "maxresdefault-2.jpg196143": {
    "filename": "maxresdefault-2.jpg",
    "size": 196143,
    "regions": [
      {
        "shape_attributes": {
          "name": "polygon",
          "all_points_x": [
            545,
            471,
            446,
            435,
            430,
            425,
            464,
            486,
            519,
            561,
            569,
            529,
            476,
            434,
            403,
            415,
            435,
            441
          ],
          "all_points_y": [
            501,
            433,
            396,
            358,
            308,
            261,
            243,
            240,
            236,
            254,
            241,
            224,
            217,
            234,
            264,
            348,
            402,
            442
          ]
        },
        "region_attributes": {}
      }
    ],
    "file_attributes": {}
  },
  "maxresdefault-1.jpg56092": {
    "filename": "maxresdefault-1.jpg",
    "size": 56092,
    "regions": [
      {
        "shape_attributes": {
          "name": "polygon",
          "all_points_x": [
            467,
            521,
            600,
            655,
            654,
            578,
            563,
            560,
            517,
            483,
            472,
            441,
            441
          ],
          "all_points_y": [
            607,
            594,
            582,
            562,
            540,
            555,
            554,
            518,
            510,
            518,
            574,
            578,
            588
          ]
        },
        "region_attributes": {}
      },
      {
        "shape_attributes": {
          "name": "polygon",
          "all_points_x": [
            1073,
            1106,
            1138,
            1147,
            1107
          ],
          "all_points_y": [
            560,
            571,
            568,
            540,
            539
          ]
        },
        "region_attributes": {}
      },
      {
        "shape_attributes": {
          "name": "polygon",
          "all_points_x": [
            786,
            829,
            859,
            816,
            786
          ],
          "all_points_y": [
            527,
            535,
            529,
            503,
            508
          ]
        },
        "region_attributes": {}
      },
      {
        "shape_attributes": {
          "name": "polygon",
          "all_points_x": [
            689,
            711,
            711,
            684
          ],
          "all_points_y": [
            587,
            586,
            565,
            565
          ]
        },
        "region_attributes": {}
      },
      {
        "shape_attributes": {
          "name": "polygon",
          "all_points_x": [
            433,
            424,
            383,
            380,
            474,
            487,
            441
          ],
          "all_points_y": [
            500,
            474,
            465,
            392,
            406,
            451,
            508
          ]
        },
        "region_attributes": {}
      }
    ],
    "file_attributes": {}
  },
  "maxresdefault.jpg96007": {
    "filename": "maxresdefault.jpg",
    "size": 96007,
    "regions": [
      {
        "shape_attributes": {
          "name": "polygon",
          "all_points_x": [
            242,
            308,
            353,
            418,
            455,
            500,
            574,
            631,
            988,
            1027,
            952,
            889,
            846,
            697,
            796,
            769,
            830,
            724,
            708,
            778,
            848,
            721,
            708,
            615,
            540,
            484,
            516,
            629,
            475,
            425,
            416,
            308
          ],
          "all_points_y": [
            409,
            421,
            382,
            418,
            540,
            642,
            642,
            710,
            712,
            583,
            574,
            638,
            613,
            527,
            416,
            389,
            335,
            314,
            251,
            190,
            45,
            9,
            131,
            163,
            192,
            219,
            54,
            45,
            2,
            72,
            38,
            185
          ]
        },
        "region_attributes": {}
      }
    ],
    "file_attributes": {}
  },
  "Druid-Fire-August-16-2013.jpg55953": {
    "filename": "Druid-Fire-August-16-2013.jpg",
    "size": 55953,
    "regions": [
      {
        "shape_attributes": {
          "name": "polygon",
          "all_points_x": [
            390,
            420,
            448,
            461,
            418,
            416,
            396
          ],
          "all_points_y": [
            343,
            368,
            376,
            359,
            339,
            314,
            324
          ]
        },
        "region_attributes": {}
      },
      {
        "shape_attributes": {
          "name": "polygon",
          "all_points_x": [
            286,
            307,
            327,
            307,
            294
          ],
          "all_points_y": [
            286,
            298,
            305,
            279,
            264
          ]
        },
        "region_attributes": {}
      },
      {
        "shape_attributes": {
          "name": "polygon",
          "all_points_x": [
            220,
            239,
            224,
            218
          ],
          "all_points_y": [
            322,
            321,
            307,
            307
          ]
        },
        "region_attributes": {}
      }
    ],
    "file_attributes": {}
  },
  "Okefenokee WA_fire.jpg56398": {
    "filename": "Okefenokee WA_fire.jpg",
    "size": 56398,
    "regions": [
      {
        "shape_attributes": {
          "name": "polygon",
          "all_points_x": [
            220,
            242,
            267,
            291,
            292,
            329,
            340,
            303,
            278,
            254,
            241,
            236,
            225,
            221
          ],
          "all_points_y": [
            270,
            260,
            255,
            242,
            234,
            242,
            234,
            215,
            213,
            247,
            251,
            247,
            245,
            251
          ]
        },
        "region_attributes": {}
      },
      {
        "shape_attributes": {
          "name": "polygon",
          "all_points_x": [
            368,
            427,
            444,
            459,
            452,
            494,
            507,
            522,
            505,
            467,
            457,
            454,
            402,
            380
          ],
          "all_points_y": [
            239,
            260,
            264,
            286,
            295,
            303,
            303,
            300,
            281,
            263,
            255,
            245,
            224,
            220
          ]
        },
        "region_attributes": {}
      },
      {
        "shape_attributes": {
          "name": "polygon",
          "all_points_x": [
            77,
            84,
            115,
            153,
            98,
            82,
            60,
            53
          ],
          "all_points_y": [
            157,
            148,
            142,
            138,
            124,
            131,
            116,
            118
          ]
        },
        "region_attributes": {}
      },
      {
        "shape_attributes": {
          "name": "polygon",
          "all_points_x": [
            618,
            640,
            673,
            718,
            717,
            657,
            618,
            614
          ],
          "all_points_y": [
            316,
            309,
            306,
            330,
            292,
            282,
            287,
            300
          ]
        },
        "region_attributes": {}
      }
    ],
    "file_attributes": {}
  },
  
  
  "IMG_0319-56af618a5f9b58b7d01825f7.jpg148915": {
    "filename": "IMG_0319-56af618a5f9b58b7d01825f7.jpg",
    "size": 148915,
    "regions": [
      {
        "shape_attributes": {
          "name": "polygon",
          "all_points_x": [
            666,
            659,
            473,
            417,
            348,
            287,
            247,
            192,
            150,
            100,
            105,
            161,
            176,
            190,
            186,
            202,
            218,
            216,
            233,
            245,
            269,
            272,
            279,
            265,
            253,
            383,
            394,
            444,
            482,
            536
          ],
          "all_points_y": [
            406,
            443,
            444,
            366,
            303,
            287,
            248,
            211,
            190,
            152,
            95,
            144,
            135,
            127,
            86,
            97,
            135,
            164,
            170,
            163,
            154,
            142,
            118,
            81,
            59,
            141,
            124,
            137,
            129,
            152
          ]
        },
        "region_attributes": {}
      }
    ],
    "file_attributes": {}
  },
  "images.jpg7303": {
    "filename": "images.jpg",
    "size": 7303,
    "regions": [
      {
        "shape_attributes": {
          "name": "polygon",
          "all_points_x": [
            118,
            131,
            127,
            132,
            122,
            111,
            106,
            117,
            104,
            89,
            83,
            56,
            56,
            58,
            43,
            24,
            28,
            40,
            38,
            38
          ],
          "all_points_y": [
            182,
            172,
            163,
            149,
            136,
            134,
            118,
            106,
            107,
            85,
            79,
            77,
            104,
            126,
            117,
            112,
            143,
            157,
            174,
            178
          ]
        },
        "region_attributes": {}
      },
      {
        "shape_attributes": {
          "name": "polygon",
          "all_points_x": [
            193,
            212,
            253,
            244,
            225,
            190
          ],
          "all_points_y": [
            67,
            54,
            27,
            16,
            27,
            58
          ]
        },
        "region_attributes": {}
      }
    ],
    "file_attributes": {}
  },
  "GettyImages-155781713-5aebc5661d640400364b8073.jpg98470": {
    "filename": "GettyImages-155781713-5aebc5661d640400364b8073.jpg",
    "size": 98470,
    "regions": [
      {
        "shape_attributes": {
          "name": "polygon",
          "all_points_x": [
            240,
            331,
            416,
            482,
            568,
            602,
            595,
            549,
            549,
            538,
            519,
            451,
            453,
            441,
            425,
            396,
            390,
            355,
            357,
            345
          ],
          "all_points_y": [
            376,
            360,
            310,
            275,
            227,
            211,
            187,
            182,
            167,
            158,
            197,
            237,
            196,
            178,
            180,
            199,
            249,
            257,
            252,
            248
          ]
        },
        "region_attributes": {}
      },
      {
        "shape_attributes": {
          "name": "polygon",
          "all_points_x": [
            691,
            721,
            715,
            711,
            728,
            767,
            767,
            740,
            725,
            699,
            681
          ],
          "all_points_y": [
            271,
            291,
            267,
            239,
            210,
            205,
            121,
            122,
            158,
            209,
            250
          ]
        },
        "region_attributes": {}
      },
      {
        "shape_attributes": {
          "name": "polygon",
          "all_points_x": [
            684,
            710,
            719,
            700,
            682
          ],
          "all_points_y": [
            180,
            170,
            150,
            146,
            142
          ]
        },
        "region_attributes": {}
      },
      {
        "shape_attributes": {
          "name": "polygon",
          "all_points_x": [
            174,
            1,
            2,
            167,
            236,
            252
          ],
          "all_points_y": [
            321,
            310,
            279,
            285,
            330,
            352
          ]
        },
        "region_attributes": {}
      }
    ],
    "file_attributes": {}
  },
  
  
  "kwdr2wckwnti8h0am2niysygl3esnh9yn8vi8accum9zggs0sckkmnexqkfcqf0p-.jpg115254": {
    "filename": "kwdr2wckwnti8h0am2niysygl3esnh9yn8vi8accum9zggs0sckkmnexqkfcqf0p-.jpg",
    "size": 115254,
    "regions": [
      {
        "shape_attributes": {
          "name": "polygon",
          "all_points_x": [
            389,
            440,
            447,
            463,
            474,
            495,
            493,
            515,
            527,
            552,
            559,
            535,
            551,
            550,
            553,
            560,
            566,
            572,
            584,
            595,
            651,
            669,
            668,
            655,
            639,
            645,
            634,
            623,
            588,
            557,
            547,
            528,
            519,
            526,
            513,
            503,
            497,
            491,
            487,
            483,
            478,
            473,
            463,
            450,
            411,
            400,
            390
          ],
          "all_points_y": [
            373,
            349,
            317,
            302,
            296,
            288,
            276,
            280,
            278,
            301,
            284,
            264,
            253,
            242,
            236,
            240,
            256,
            252,
            239,
            248,
            230,
            208,
            200,
            199,
            200,
            196,
            192,
            201,
            209,
            189,
            190,
            202,
            212,
            228,
            237,
            239,
            236,
            241,
            238,
            237,
            245,
            248,
            255,
            258,
            328,
            327,
            329
          ]
        },
        "region_attributes": {}
      },
      {
        "shape_attributes": {
          "name": "polygon",
          "all_points_x": [
            399,
            411,
            389,
            391,
            391
          ],
          "all_points_y": [
            392,
            406,
            405,
            394,
            388
          ]
        },
        "region_attributes": {}
      },
      {
        "shape_attributes": {
          "name": "polygon",
          "all_points_x": [
            322,
            348,
            339,
            339,
            363,
            362,
            349,
            350,
            357,
            369,
            366,
            353,
            345,
            337,
            334,
            323,
            316,
            323,
            319,
            315,
            310,
            305
          ],
          "all_points_y": [
            456,
            450,
            429,
            422,
            421,
            397,
            390,
            382,
            376,
            373,
            360,
            355,
            359,
            364,
            359,
            347,
            364,
            370,
            397,
            388,
            383,
            388
          ]
        },
        "region_attributes": {}
      }
    ],
    "file_attributes": {}
  },
  "Canada-Wildfire-Drone.png211267": {
    "filename": "Canada-Wildfire-Drone.png",
    "size": 211267,
    "regions": [
      {
        "shape_attributes": {
          "name": "polygon",
          "all_points_x": [
            145,
            163,
            185,
            215,
            228,
            240,
            285,
            337,
            533,
            618,
            663,
            664,
            589,
            569,
            598,
            528,
            504,
            463,
            460,
            450,
            438,
            401,
            385,
            376,
            313,
            314,
            293,
            287,
            269,
            279,
            289,
            244,
            249,
            213,
            224,
            139
          ],
          "all_points_y": [
            313,
            326,
            298,
            295,
            339,
            291,
            300,
            285,
            249,
            223,
            238,
            200,
            183,
            180,
            150,
            164,
            197,
            216,
            247,
            206,
            225,
            224,
            226,
            240,
            250,
            215,
            222,
            248,
            253,
            222,
            199,
            219,
            178,
            182,
            212,
            260
          ]
        },
        "region_attributes": {}
      },
      {
        "shape_attributes": {
          "name": "polygon",
          "all_points_x": [
            129,
            127,
            111,
            107,
            127
          ],
          "all_points_y": [
            273,
            267,
            273,
            306,
            291
          ]
        },
        "region_attributes": {}
      },
      {
        "shape_attributes": {
          "name": "polygon",
          "all_points_x": [
            87,
            98,
            94,
            72,
            77
          ],
          "all_points_y": [
            300,
            280,
            266,
            289,
            327
          ]
        },
        "region_attributes": {}
      },
      {
        "shape_attributes": {
          "name": "polygon",
          "all_points_x": [
            34,
            25,
            5,
            12,
            23
          ],
          "all_points_y": [
            332,
            351,
            350,
            334,
            334
          ]
        },
        "region_attributes": {}
      }
    ],
    "file_attributes": {}
  },
"brayfire.jpg47650": {
    "filename": "brayfire.jpg",
    "size": 47650,
    "regions": [
      {
        "shape_attributes": {
          "name": "polygon",
          "all_points_x": [
            20,
            40,
            20,
            20,
            7,
            29,
            28,
            17,
            23,
            47,
            75,
            140,
            220,
            290,
            309,
            297,
            252,
            260,
            206,
            58,
            43,
            36,
            37,
            53,
            38
          ],
          "all_points_y": [
            166,
            205,
            235,
            257,
            269,
            301,
            323,
            332,
            370,
            398,
            406,
            393,
            385,
            385,
            365,
            359,
            351,
            366,
            358,
            379,
            368,
            259,
            227,
            197,
            167
          ]
        },
        "region_attributes": {}
      },
      {
        "shape_attributes": {
          "name": "polygon",
          "all_points_x": [
            329,
            350,
            374,
            433,
            450,
            447,
            350
          ],
          "all_points_y": [
            327,
            349,
            336,
            341,
            313,
            302,
            314
          ]
        },
        "region_attributes": {}
      },
      {
        "shape_attributes": {
          "name": "polygon",
          "all_points_x": [
            488,
            481,
            504,
            512,
            556,
            569,
            591,
            605,
            602,
            574,
            510
          ],
          "all_points_y": [
            312,
            288,
            295,
            279,
            287,
            261,
            240,
            248,
            272,
            293,
            316
          ]
        },
        "region_attributes": {}
      },
      {
        "shape_attributes": {
          "name": "polygon",
          "all_points_x": [
            699,
            763,
            765,
            740,
            734,
            696
          ],
          "all_points_y": [
            237,
            216,
            187,
            160,
            194,
            228
          ]
        },
        "region_attributes": {}
      },
      {
        "shape_attributes": {
          "name": "polygon",
          "all_points_x": [
            618,
            664,
            666,
            651,
            619
          ],
          "all_points_y": [
            246,
            234,
            219,
            206,
            210
          ]
        },
        "region_attributes": {}
      }
    ],
    "file_attributes": {}
  },
"istockphoto-673464584-612x612.jpg65720": {
    "filename": "istockphoto-673464584-612x612.jpg",
    "size": 65720,
    "regions": [
      {
        "shape_attributes": {
          "name": "polygon",
          "all_points_x": [
            166,
            189,
            197,
            192,
            181,
            178
          ],
          "all_points_y": [
            272,
            263,
            232,
            216,
            216,
            241
          ]
        },
        "region_attributes": {}
      },
      {
        "shape_attributes": {
          "name": "polygon",
          "all_points_x": [
            213,
            237,
            235,
            213,
            203,
            208,
            213
          ],
          "all_points_y": [
            211,
            193,
            189,
            205,
            210,
            218,
            217
          ]
        },
        "region_attributes": {}
      },
      {
        "shape_attributes": {
          "name": "polygon",
          "all_points_x": [
            249,
            260,
            275,
            280,
            278,
            275
          ],
          "all_points_y": [
            165,
            166,
            147,
            133,
            129,
            127
          ]
        },
        "region_attributes": {}
      },
      {
        "shape_attributes": {
          "name": "polygon",
          "all_points_x": [
            279,
            290,
            293,
            287
          ],
          "all_points_y": [
            123,
            111,
            93,
            91
          ]
        },
        "region_attributes": {}
      },
      {
        "shape_attributes": {
          "name": "polygon",
          "all_points_x": [
            391,
            399,
            406,
            409,
            409,
            411,
            391
          ],
          "all_points_y": [
            101,
            105,
            103,
            101,
            109,
            101,
            96
          ]
        },
        "region_attributes": {}
      },
      {
        "shape_attributes": {
          "name": "polygon",
          "all_points_x": [
            465,
            465,
            461,
            461
          ],
          "all_points_y": [
            98,
            111,
            110,
            99
          ]
        },
        "region_attributes": {}
      }
    ],
    "file_attributes": {}
  },
  "grassy ridge fire_1533133895023.jpeg_12630594_ver1.0_640_360.jpg22449": {
    "filename": "grassy ridge fire_1533133895023.jpeg_12630594_ver1.0_640_360.jpg",
    "size": 22449,
    "regions": [
      {
        "shape_attributes": {
          "name": "polygon",
          "all_points_x": [
            2,
            18,
            31,
            41,
            18,
            37,
            55,
            78,
            81,
            91,
            123,
            156,
            199,
            235,
            242,
            251,
            266,
            260,
            243,
            224,
            209,
            216,
            208,
            121,
            149,
            150,
            150,
            81,
            6,
            3
          ],
          "all_points_y": [
            303,
            298,
            275,
            290,
            313,
            313,
            301,
            282,
            269,
            287,
            292,
            289,
            273,
            271,
            286,
            273,
            273,
            289,
            301,
            305,
            334,
            349,
            358,
            359,
            341,
            334,
            329,
            326,
            328,
            328
          ]
        },
        "region_attributes": {}
      },
      {
        "shape_attributes": {
          "name": "polygon",
          "all_points_x": [
            376,
            410,
            422,
            418,
            412,
            399,
            385,
            378,
            373
          ],
          "all_points_y": [
            343,
            339,
            321,
            307,
            299,
            305,
            305,
            309,
            333
          ]
        },
        "region_attributes": {}
      },
      {
        "shape_attributes": {
          "name": "polygon",
          "all_points_x": [
            462,
            480,
            480,
            499,
            504,
            488,
            477,
            462,
            452,
            444
          ],
          "all_points_y": [
            308,
            308,
            296,
            295,
            282,
            275,
            283,
            279,
            271,
            278
          ]
        },
        "region_attributes": {}
      },
      {
        "shape_attributes": {
          "name": "polygon",
          "all_points_x": [
            510,
            510,
            503,
            520,
            510,
            484,
            476,
            476,
            495
          ],
          "all_points_y": [
            276,
            265,
            254,
            245,
            227,
            227,
            234,
            247,
            271
          ]
        },
        "region_attributes": {}
      },
      {
        "shape_attributes": {
          "name": "polygon",
          "all_points_x": [
            554,
            572,
            566,
            560
          ],
          "all_points_y": [
            311,
            311,
            319,
            319
          ]
        },
        "region_attributes": {}
      }
    ],
    "file_attributes": {}
  },
"goodwinfire1_1498708264726_3646483_ver1.0_640_360.png320396": {
    "filename": "goodwinfire1_1498708264726_3646483_ver1.0_640_360.png",
    "size": 320396,
    "regions": [
      {
        "shape_attributes": {
          "name": "polygon",
          "all_points_x": [
            264,
            277,
            270,
            264
          ],
          "all_points_y": [
            245,
            248,
            237,
            239
          ]
        },
        "region_attributes": {}
      },
      {
        "shape_attributes": {
          "name": "polygon",
          "all_points_x": [
            495,
            493,
            485,
            467,
            469
          ],
          "all_points_y": [
            235,
            227,
            219,
            220,
            233
          ]
        },
        "region_attributes": {}
      },
      {
        "shape_attributes": {
          "name": "polygon",
          "all_points_x": [
            398,
            421,
            422,
            400,
            384
          ],
          "all_points_y": [
            252,
            254,
            238,
            234,
            243
          ]
        },
        "region_attributes": {}
      }
    ],
    "file_attributes": {}
  },
 "images-1.jpg4938": {
    "filename": "images-1.jpg",
    "size": 4938,
    "regions": [
      {
        "shape_attributes": {
          "name": "polygon",
          "all_points_x": [
            267,
            271,
            268,
            261
          ],
          "all_points_y": [
            99,
            105,
            109,
            109
          ]
        },
        "region_attributes": {}
      },
      {
        "shape_attributes": {
          "name": "polygon",
          "all_points_x": [
            251,
            262,
            272,
            274,
            264,
            250
          ],
          "all_points_y": [
            129,
            129,
            125,
            118,
            117,
            123
          ]
        },
        "region_attributes": {}
      },
      {
        "shape_attributes": {
          "name": "polygon",
          "all_points_x": [
            80,
            112,
            129,
            164,
            186,
            182,
            145,
            90
          ],
          "all_points_y": [
            74,
            99,
            96,
            99,
            99,
            81,
            62,
            48
          ]
        },
        "region_attributes": {}
      },
      {
        "shape_attributes": {
          "name": "polygon",
          "all_points_x": [
            231,
            245,
            232
          ],
          "all_points_y": [
            127,
            126,
            115
          ]
        },
        "region_attributes": {}
      }
    ],
    "file_attributes": {}
  }
}