{
  "maxresdefault-2.jpg196143": {
    "filename": "maxresdefault-2.jpg",
    "size": 196143,
    "regions": [
      {
        "shape_attributes": {
          "name": "polygon",
          "all_points_x": [
            545,
            471,
            446,
            435,
            430,
            425,
            464,
            486,
            519,
            561,
            569,
            529,
            476,
            434,
            403,
            415,
            435,
            441
          ],
          "all_points_y": [
            501,
            433,
            396,
            358,
            308,
            261,
            243,
            240,
            236,
            254,
            241,
            224,
            217,
            234,
            264,
            348,
            402,
            442
          ]
        },
        "region_attributes": {}
      }
    ],
    "file_attributes": {}
  },
  "maxresdefault-1.jpg56092": {
    "filename": "maxresdefault-1.jpg",
    "size": 56092,
    "regions": [
      {
        "shape_attributes": {
          "name": "polygon",
          "all_points_x": [
            467,
            521,
            600,
            655,
            654,
            578,
            563,
            560,
            517,
            483,
            472,
            441,
            441
          ],
          "all_points_y": [
            607,
            594,
            582,
            562,
            540,
            555,
            554,
            518,
            510,
            518,
            574,
            578,
            588
          ]
        },
        "region_attributes": {}
      },
      {
        "shape_attributes": {
          "name": "polygon",
          "all_points_x": [
            1073,
            1106,
            1138,
            1147,
            1107
          ],
          "all_points_y": [
            560,
            571,
            568,
            540,
            539
          ]
        },
        "region_attributes": {}
      },
      {
        "shape_attributes": {
          "name": "polygon",
          "all_points_x": [
            786,
            829,
            859,
            816,
            786
          ],
          "all_points_y": [
            527,
            535,
            529,
            503,
            508
          ]
        },
        "region_attributes": {}
      },
      {
        "shape_attributes": {
          "name": "polygon",
          "all_points_x": [
            689,
            711,
            711,
            684
          ],
          "all_points_y": [
            587,
            586,
            565,
            565
          ]
        },
        "region_attributes": {}
      },
      {
        "shape_attributes": {
          "name": "polygon",
          "all_points_x": [
            433,
            424,
            383,
            380,
            474,
            487,
            441
          ],
          "all_points_y": [
            500,
            474,
            465,
            392,
            406,
            451,
            508
          ]
        },
        "region_attributes": {}
      }
    ],
    "file_attributes": {}
  },
  "maxresdefault.jpg96007": {
    "filename": "maxresdefault.jpg",
    "size": 96007,
    "regions": [
      {
        "shape_attributes": {
          "name": "polygon",
          "all_points_x": [
            242,
            308,
            353,
            418,
            455,
            500,
            574,
            631,
            988,
            1027,
            952,
            889,
            846,
            697,
            796,
            769,
            830,
            724,
            708,
            778,
            848,
            721,
            708,
            615,
            540,
            484,
            516,
            629,
            475,
            425,
            416,
            308
          ],
          "all_points_y": [
            409,
            421,
            382,
            418,
            540,
            642,
            642,
            710,
            712,
            583,
            574,
            638,
            613,
            527,
            416,
            389,
            335,
            314,
            251,
            190,
            45,
            9,
            131,
            163,
            192,
            219,
            54,
            45,
            2,
            72,
            38,
            185
          ]
        },
        "region_attributes": {}
      }
    ],
    "file_attributes": {}
  },
  "Druid-Fire-August-16-2013.jpg55953": {
    "filename": "Druid-Fire-August-16-2013.jpg",
    "size": 55953,
    "regions": [
      {
        "shape_attributes": {
          "name": "polygon",
          "all_points_x": [
            390,
            420,
            448,
            461,
            418,
            416,
            396
          ],
          "all_points_y": [
            343,
            368,
            376,
            359,
            339,
            314,
            324
          ]
        },
        "region_attributes": {}
      },
      {
        "shape_attributes": {
          "name": "polygon",
          "all_points_x": [
            286,
            307,
            327,
            307,
            294
          ],
          "all_points_y": [
            286,
            298,
            305,
            279,
            264
          ]
        },
        "region_attributes": {}
      },
      {
        "shape_attributes": {
          "name": "polygon",
          "all_points_x": [
            220,
            239,
            224,
            218
          ],
          "all_points_y": [
            322,
            321,
            307,
            307
          ]
        },
        "region_attributes": {}
      }
    ],
    "file_attributes": {}
  },
  "5213c8b86f225.image.jpg40172": {
    "filename": "5213c8b86f225.image.jpg",
    "size": 40172,
    "regions": [
      {
        "shape_attributes": {
          "name": "polygon",
          "all_points_x": [
            130,
            148,
            174,
            204,
            213,
            251,
            257,
            228,
            202,
            191,
            173,
            146
          ],
          "all_points_y": [
            195,
            204,
            207,
            208,
            201,
            207,
            201,
            193,
            188,
            175,
            173,
            180
          ]
        },
        "region_attributes": {}
      },
      {
        "shape_attributes": {
          "name": "polygon",
          "all_points_x": [
            319,
            336,
            364,
            386,
            400,
            423,
            426,
            456,
            464,
            432,
            373,
            352,
            331
          ],
          "all_points_y": [
            219,
            225,
            226,
            222,
            234,
            235,
            224,
            228,
            220,
            211,
            213,
            200,
            204
          ]
        },
        "region_attributes": {}
      }
    ],
    "file_attributes": {}
  },
  "5213c858ea26a.image.jpg49075": {
    "filename": "5213c858ea26a.image.jpg",
    "size": 49075,
    "regions": [
      {
        "shape_attributes": {
          "name": "polygon",
          "all_points_x": [
            203,
            273,
            331,
            375,
            415,
            462,
            510,
            522,
            501,
            462,
            414,
            358,
            316,
            282,
            263,
            241
          ],
          "all_points_y": [
            238,
            227,
            221,
            221,
            220,
            217,
            216,
            204,
            190,
            190,
            192,
            196,
            197,
            198,
            204,
            206
          ]
        },
        "region_attributes": {}
      },
      {
        "shape_attributes": {
          "name": "polygon",
          "all_points_x": [
            88,
            10,
            3,
            49,
            73
          ],
          "all_points_y": [
            232,
            223,
            201,
            201,
            209
          ]
        },
        "region_attributes": {}
      },
      {
        "shape_attributes": {
          "name": "polygon",
          "all_points_x": [
            587,
            600,
            598,
            582
          ],
          "all_points_y": [
            203,
            203,
            195,
            191
          ]
        },
        "region_attributes": {}
      }
    ],
    "file_attributes": {}
  },
  "Okefenokee WA_fire.jpg56398": {
    "filename": "Okefenokee WA_fire.jpg",
    "size": 56398,
    "regions": [
      {
        "shape_attributes": {
          "name": "polygon",
          "all_points_x": [
            220,
            242,
            267,
            291,
            292,
            329,
            340,
            303,
            278,
            254,
            241,
            236,
            225,
            221
          ],
          "all_points_y": [
            270,
            260,
            255,
            242,
            234,
            242,
            234,
            215,
            213,
            247,
            251,
            247,
            245,
            251
          ]
        },
        "region_attributes": {}
      },
      {
        "shape_attributes": {
          "name": "polygon",
          "all_points_x": [
            368,
            427,
            444,
            459,
            452,
            494,
            507,
            522,
            505,
            467,
            457,
            454,
            402,
            380
          ],
          "all_points_y": [
            239,
            260,
            264,
            286,
            295,
            303,
            303,
            300,
            281,
            263,
            255,
            245,
            224,
            220
          ]
        },
        "region_attributes": {}
      },
      {
        "shape_attributes": {
          "name": "polygon",
          "all_points_x": [
            77,
            84,
            115,
            153,
            98,
            82,
            60,
            53
          ],
          "all_points_y": [
            157,
            148,
            142,
            138,
            124,
            131,
            116,
            118
          ]
        },
        "region_attributes": {}
      },
      {
        "shape_attributes": {
          "name": "polygon",
          "all_points_x": [
            618,
            640,
            673,
            718,
            717,
            657,
            618,
            614
          ],
          "all_points_y": [
            316,
            309,
            306,
            330,
            292,
            282,
            287,
            300
          ]
        },
        "region_attributes": {}
      }
    ],
    "file_attributes": {}
  },
  "Wildland-Fire_yell_ResponseWildfire_1.jpg212988": {
    "filename": "Wildland-Fire_yell_ResponseWildfire_1.jpg",
    "size": 212988,
    "regions": [
      {
        "shape_attributes": {
          "name": "polygon",
          "all_points_x": [
            372,
            464,
            504,
            520,
            552,
            579,
            596,
            610,
            619,
            634,
            643,
            663,
            671,
            682,
            706,
            727,
            751,
            748,
            796,
            812,
            824,
            835,
            853,
            867,
            840,
            901,
            931,
            928,
            902,
            947,
            994,
            992,
            1010,
            1030,
            1033,
            1049,
            1081,
            1070,
            1104,
            1153,
            1164,
            1145,
            1182,
            1182,
            1194,
            1198,
            1061,
            977,
            953,
            934,
            910,
            932,
            894,
            875,
            878,
            849,
            833,
            815,
            787,
            755,
            780,
            754,
            704,
            669,
            647,
            610,
            549,
            532,
            515,
            496,
            476,
            455,
            431,
            408,
            368,
            347,
            366,
            336,
            301,
            321,
            341,
            341
          ],
          "all_points_y": [
            471,
            490,
            492,
            470,
            477,
            473,
            474,
            487,
            498,
            486,
            469,
            471,
            487,
            471,
            478,
            502,
            486,
            455,
            435,
            438,
            459,
            457,
            487,
            473,
            439,
            438,
            447,
            421,
            402,
            398,
            422,
            404,
            371,
            374,
            358,
            330,
            343,
            308,
            324,
            352,
            340,
            317,
            329,
            313,
            330,
            296,
            301,
            355,
            365,
            337,
            342,
            378,
            392,
            374,
            396,
            420,
            417,
            414,
            382,
            386,
            410,
            434,
            426,
            427,
            401,
            401,
            411,
            436,
            424,
            417,
            408,
            398,
            398,
            401,
            407,
            400,
            388,
            385,
            414,
            440,
            472,
            473
          ]
        },
        "region_attributes": {}
      },
      {
        "shape_attributes": {
          "name": "polygon",
          "all_points_x": [
            300,
            296,
            247,
            218,
            192,
            178,
            224,
            262
          ],
          "all_points_y": [
            372,
            332,
            308,
            297,
            302,
            340,
            442,
            441
          ]
        },
        "region_attributes": {}
      },
      {
        "shape_attributes": {
          "name": "polygon",
          "all_points_x": [
            283,
            271,
            284,
            252,
            252,
            280
          ],
          "all_points_y": [
            664,
            630,
            618,
            607,
            667,
            672
          ]
        },
        "region_attributes": {}
      }
    ],
    "file_attributes": {}
  },
  "1-2.jpg40246": {
    "filename": "1-2.jpg",
    "size": 40246,
    "regions": [
      {
        "shape_attributes": {
          "name": "polygon",
          "all_points_x": [
            136,
            156,
            162,
            159,
            151,
            146
          ],
          "all_points_y": [
            367,
            363,
            349,
            328,
            335,
            335
          ]
        },
        "region_attributes": {}
      },
      {
        "shape_attributes": {
          "name": "polygon",
          "all_points_x": [
            259,
            296,
            337,
            372,
            373,
            364,
            342,
            322,
            304,
            282,
            258
          ],
          "all_points_y": [
            213,
            203,
            197,
            167,
            121,
            91,
            78,
            97,
            92,
            101,
            198
          ]
        },
        "region_attributes": {}
      },
      {
        "shape_attributes": {
          "name": "polygon",
          "all_points_x": [
            390,
            424,
            455,
            460,
            464,
            473,
            451,
            433,
            411,
            390,
            381
          ],
          "all_points_y": [
            78,
            81,
            66,
            38,
            22,
            15,
            19,
            22,
            33,
            43,
            59
          ]
        },
        "region_attributes": {}
      }
    ],
    "file_attributes": {}
  },
  "1-1.jpg36902": {
    "filename": "1-1.jpg",
    "size": 36902,
    "regions": [
      {
        "shape_attributes": {
          "name": "polygon",
          "all_points_x": [
            481,
            490,
            493,
            502,
            516,
            476,
            453,
            428,
            407,
            414,
            441,
            451,
            471
          ],
          "all_points_y": [
            280,
            285,
            255,
            268,
            251,
            194,
            171,
            162,
            162,
            205,
            224,
            249,
            243
          ]
        },
        "region_attributes": {}
      },
      {
        "shape_attributes": {
          "name": "polygon",
          "all_points_x": [
            727,
            738,
            744,
            733,
            726
          ],
          "all_points_y": [
            344,
            351,
            340,
            328,
            335
          ]
        },
        "region_attributes": {}
      }
    ],
    "file_attributes": {}
  },
  "1.jpg37728": {
    "filename": "1.jpg",
    "size": 37728,
    "regions": [
      {
        "shape_attributes": {
          "name": "polygon",
          "all_points_x": [
            556,
            567,
            573,
            559,
            541,
            541,
            557
          ],
          "all_points_y": [
            476,
            444,
            426,
            412,
            452,
            477,
            479
          ]
        },
        "region_attributes": {}
      },
      {
        "shape_attributes": {
          "name": "polygon",
          "all_points_x": [
            602,
            637,
            637,
            619,
            608
          ],
          "all_points_y": [
            374,
            329,
            292,
            278,
            295
          ]
        },
        "region_attributes": {}
      },
      {
        "shape_attributes": {
          "name": "polygon",
          "all_points_x": [
            485,
            498,
            516,
            505,
            481,
            475
          ],
          "all_points_y": [
            302,
            303,
            275,
            262,
            262,
            274
          ]
        },
        "region_attributes": {}
      },
      {
        "shape_attributes": {
          "name": "polygon",
          "all_points_x": [
            652,
            675,
            684,
            668,
            641
          ],
          "all_points_y": [
            219,
            194,
            169,
            159,
            180
          ]
        },
        "region_attributes": {}
      }
    ],
    "file_attributes": {}
  },
  "4.jpg48592": {
    "filename": "4.jpg",
    "size": 48592,
    "regions": [
      {
        "shape_attributes": {
          "name": "polygon",
          "all_points_x": [
            448,
            475,
            533,
            570,
            590,
            605,
            622,
            658,
            698,
            717,
            714,
            660,
            614,
            584,
            571,
            533,
            479,
            441,
            418,
            402,
            391,
            400
          ],
          "all_points_y": [
            276,
            268,
            269,
            279,
            279,
            263,
            252,
            258,
            258,
            246,
            235,
            233,
            224,
            227,
            203,
            192,
            190,
            170,
            168,
            205,
            235,
            259
          ]
        },
        "region_attributes": {}
      }
    ],
    "file_attributes": {}
  },
  "IMG_0319-56af618a5f9b58b7d01825f7.jpg148915": {
    "filename": "IMG_0319-56af618a5f9b58b7d01825f7.jpg",
    "size": 148915,
    "regions": [
      {
        "shape_attributes": {
          "name": "polygon",
          "all_points_x": [
            666,
            659,
            473,
            417,
            348,
            287,
            247,
            192,
            150,
            100,
            105,
            161,
            176,
            190,
            186,
            202,
            218,
            216,
            233,
            245,
            269,
            272,
            279,
            265,
            253,
            383,
            394,
            444,
            482,
            536
          ],
          "all_points_y": [
            406,
            443,
            444,
            366,
            303,
            287,
            248,
            211,
            190,
            152,
            95,
            144,
            135,
            127,
            86,
            97,
            135,
            164,
            170,
            163,
            154,
            142,
            118,
            81,
            59,
            141,
            124,
            137,
            129,
            152
          ]
        },
        "region_attributes": {}
      }
    ],
    "file_attributes": {}
  },
  "images.jpg7303": {
    "filename": "images.jpg",
    "size": 7303,
    "regions": [
      {
        "shape_attributes": {
          "name": "polygon",
          "all_points_x": [
            118,
            131,
            127,
            132,
            122,
            111,
            106,
            117,
            104,
            89,
            83,
            56,
            56,
            58,
            43,
            24,
            28,
            40,
            38,
            38
          ],
          "all_points_y": [
            182,
            172,
            163,
            149,
            136,
            134,
            118,
            106,
            107,
            85,
            79,
            77,
            104,
            126,
            117,
            112,
            143,
            157,
            174,
            178
          ]
        },
        "region_attributes": {}
      },
      {
        "shape_attributes": {
          "name": "polygon",
          "all_points_x": [
            193,
            212,
            253,
            244,
            225,
            190
          ],
          "all_points_y": [
            67,
            54,
            27,
            16,
            27,
            58
          ]
        },
        "region_attributes": {}
      }
    ],
    "file_attributes": {}
  },
  "GettyImages-155781713-5aebc5661d640400364b8073.jpg98470": {
    "filename": "GettyImages-155781713-5aebc5661d640400364b8073.jpg",
    "size": 98470,
    "regions": [
      {
        "shape_attributes": {
          "name": "polygon",
          "all_points_x": [
            240,
            331,
            416,
            482,
            568,
            602,
            595,
            549,
            549,
            538,
            519,
            451,
            453,
            441,
            425,
            396,
            390,
            355,
            357,
            345
          ],
          "all_points_y": [
            376,
            360,
            310,
            275,
            227,
            211,
            187,
            182,
            167,
            158,
            197,
            237,
            196,
            178,
            180,
            199,
            249,
            257,
            252,
            248
          ]
        },
        "region_attributes": {}
      },
      {
        "shape_attributes": {
          "name": "polygon",
          "all_points_x": [
            691,
            721,
            715,
            711,
            728,
            767,
            767,
            740,
            725,
            699,
            681
          ],
          "all_points_y": [
            271,
            291,
            267,
            239,
            210,
            205,
            121,
            122,
            158,
            209,
            250
          ]
        },
        "region_attributes": {}
      },
      {
        "shape_attributes": {
          "name": "polygon",
          "all_points_x": [
            684,
            710,
            719,
            700,
            682
          ],
          "all_points_y": [
            180,
            170,
            150,
            146,
            142
          ]
        },
        "region_attributes": {}
      },
      {
        "shape_attributes": {
          "name": "polygon",
          "all_points_x": [
            174,
            1,
            2,
            167,
            236,
            252
          ],
          "all_points_y": [
            321,
            310,
            279,
            285,
            330,
            352
          ]
        },
        "region_attributes": {}
      }
    ],
    "file_attributes": {}
  },
  "Aerial_photograph_of_prescribed_burning_on_the_refuge.jpg378816": {
    "filename": "Aerial_photograph_of_prescribed_burning_on_the_refuge.jpg",
    "size": 378816,
    "regions": [
      {
        "shape_attributes": {
          "name": "polygon",
          "all_points_x": [
            145,
            268,
            297,
            181,
            141
          ],
          "all_points_y": [
            2337,
            2315,
            2242,
            2242,
            2293
          ]
        },
        "region_attributes": {}
      },
      {
        "shape_attributes": {
          "name": "polygon",
          "all_points_x": [
            496,
            583,
            587,
            478
          ],
          "all_points_y": [
            2271,
            2239,
            2170,
            2159
          ]
        },
        "region_attributes": {}
      },
      {
        "shape_attributes": {
          "name": "polygon",
          "all_points_x": [
            898,
            967,
            927,
            913
          ],
          "all_points_y": [
            2184,
            2170,
            2130,
            2123
          ]
        },
        "region_attributes": {}
      },
      {
        "shape_attributes": {
          "name": "polygon",
          "all_points_x": [
            1322,
            2456,
            2409,
            2576,
            2587,
            2684,
            2869,
            2789,
            2641,
            2503,
            2402,
            2391,
            2985,
            3010,
            3192,
            3250,
            3047,
            2507,
            2261,
            2040,
            1858,
            1732
          ],
          "all_points_y": [
            1424,
            1337,
            1286,
            1304,
            1232,
            1232,
            1224,
            1163,
            1105,
            1105,
            1098,
            1076,
            1112,
            1080,
            1101,
            1090,
            1011,
            1000,
            1036,
            1029,
            1090,
            1130
          ]
        },
        "region_attributes": {}
      },
      {
        "shape_attributes": {
          "name": "polygon",
          "all_points_x": [
            906,
            1000,
            1018,
            974,
            898,
            866
          ],
          "all_points_y": [
            1525,
            1500,
            1406,
            1384,
            1413,
            1424
          ]
        },
        "region_attributes": {}
      },
      {
        "shape_attributes": {
          "name": "polygon",
          "all_points_x": [
            1109,
            1177,
            1232,
            1156,
            1105
          ],
          "all_points_y": [
            1442,
            1453,
            1413,
            1373,
            1395
          ]
        },
        "region_attributes": {}
      },
      {
        "shape_attributes": {
          "name": "polygon",
          "all_points_x": [
            1253,
            1351,
            1518,
            1522,
            1377
          ],
          "all_points_y": [
            1293,
            1319,
            1253,
            1195,
            1206
          ]
        },
        "region_attributes": {}
      },
      {
        "shape_attributes": {
          "name": "polygon",
          "all_points_x": [
            123,
            250,
            366,
            471,
            583,
            768,
            811,
            877,
            837,
            717,
            804,
            703,
            641,
            355,
            261,
            203
          ],
          "all_points_y": [
            1605,
            1558,
            1558,
            1503,
            1485,
            1380,
            1333,
            1279,
            1239,
            1156,
            1257,
            1344,
            1384,
            1474,
            1489,
            1489
          ]
        },
        "region_attributes": {}
      },
      {
        "shape_attributes": {
          "name": "polygon",
          "all_points_x": [
            1424,
            1572,
            1685,
            1735,
            1826,
            1848,
            1757,
            1608,
            1460,
            1424
          ],
          "all_points_y": [
            1119,
            1094,
            1083,
            1105,
            1080,
            1051,
            1047,
            1025,
            1069,
            1083
          ]
        },
        "region_attributes": {}
      },
      {
        "shape_attributes": {
          "name": "polygon",
          "all_points_x": [
            1181,
            1275,
            1351,
            1362,
            1253,
            1192,
            1177
          ],
          "all_points_y": [
            1127,
            1127,
            1087,
            1069,
            1069,
            1090,
            1090
          ]
        },
        "region_attributes": {}
      },
      {
        "shape_attributes": {
          "name": "polygon",
          "all_points_x": [
            1337,
            1420,
            1380,
            1330,
            1214,
            1069,
            1109
          ],
          "all_points_y": [
            1043,
            1036,
            989,
            989,
            1014,
            1051,
            1072
          ]
        },
        "region_attributes": {}
      },
      {
        "shape_attributes": {
          "name": "polygon",
          "all_points_x": [
            949,
            1127,
            1051,
            985
          ],
          "all_points_y": [
            1166,
            1141,
            1101,
            1116
          ]
        },
        "region_attributes": {}
      },
      {
        "shape_attributes": {
          "name": "polygon",
          "all_points_x": [
            0,
            232,
            312,
            590,
            648,
            688,
            341,
            25,
            4
          ],
          "all_points_y": [
            1456,
            1427,
            1340,
            1253,
            1192,
            1156,
            1188,
            1206,
            1214
          ]
        },
        "region_attributes": {}
      }
    ],
    "file_attributes": {}
  },
  "aerial-view-forest-fire-busuanga-palawan-philippines-slopes-hills-mountains-tropical-jungle-deforestation-93191192.jpg10838": {
    "filename": "aerial-view-forest-fire-busuanga-palawan-philippines-slopes-hills-mountains-tropical-jungle-deforestation-93191192.jpg",
    "size": 10838,
    "regions": [
      {
        "shape_attributes": {
          "name": "polygon",
          "all_points_x": [
            142,
            192,
            222,
            236,
            239,
            186,
            182,
            182,
            174,
            170,
            173,
            169,
            161,
            148,
            126,
            96,
            76,
            112,
            133,
            139,
            144,
            149
          ],
          "all_points_y": [
            120,
            135,
            143,
            144,
            138,
            123,
            106,
            98,
            96,
            90,
            82,
            80,
            82,
            74,
            70,
            66,
            70,
            74,
            82,
            86,
            99,
            106
          ]
        },
        "region_attributes": {}
      }
    ],
    "file_attributes": {}
  },
  "kwdr2wckwnti8h0am2niysygl3esnh9yn8vi8accum9zggs0sckkmnexqkfcqf0p-.jpg115254": {
    "filename": "kwdr2wckwnti8h0am2niysygl3esnh9yn8vi8accum9zggs0sckkmnexqkfcqf0p-.jpg",
    "size": 115254,
    "regions": [
      {
        "shape_attributes": {
          "name": "polygon",
          "all_points_x": [
            389,
            440,
            447,
            463,
            474,
            495,
            493,
            515,
            527,
            552,
            559,
            535,
            551,
            550,
            553,
            560,
            566,
            572,
            584,
            595,
            651,
            669,
            668,
            655,
            639,
            645,
            634,
            623,
            588,
            557,
            547,
            528,
            519,
            526,
            513,
            503,
            497,
            491,
            487,
            483,
            478,
            473,
            463,
            450,
            411,
            400,
            390
          ],
          "all_points_y": [
            373,
            349,
            317,
            302,
            296,
            288,
            276,
            280,
            278,
            301,
            284,
            264,
            253,
            242,
            236,
            240,
            256,
            252,
            239,
            248,
            230,
            208,
            200,
            199,
            200,
            196,
            192,
            201,
            209,
            189,
            190,
            202,
            212,
            228,
            237,
            239,
            236,
            241,
            238,
            237,
            245,
            248,
            255,
            258,
            328,
            327,
            329
          ]
        },
        "region_attributes": {}
      },
      {
        "shape_attributes": {
          "name": "polygon",
          "all_points_x": [
            399,
            411,
            389,
            391,
            391
          ],
          "all_points_y": [
            392,
            406,
            405,
            394,
            388
          ]
        },
        "region_attributes": {}
      },
      {
        "shape_attributes": {
          "name": "polygon",
          "all_points_x": [
            322,
            348,
            339,
            339,
            363,
            362,
            349,
            350,
            357,
            369,
            366,
            353,
            345,
            337,
            334,
            323,
            316,
            323,
            319,
            315,
            310,
            305
          ],
          "all_points_y": [
            456,
            450,
            429,
            422,
            421,
            397,
            390,
            382,
            376,
            373,
            360,
            355,
            359,
            364,
            359,
            347,
            364,
            370,
            397,
            388,
            383,
            388
          ]
        },
        "region_attributes": {}
      }
    ],
    "file_attributes": {}
  },
  "2.jpg60384": {
    "filename": "2.jpg",
    "size": 60384,
    "regions": [
      {
        "shape_attributes": {
          "name": "polygon",
          "all_points_x": [
            541,
            561,
            505,
            487
          ],
          "all_points_y": [
            424,
            405,
            340,
            332
          ]
        },
        "region_attributes": {}
      },
      {
        "shape_attributes": {
          "name": "polygon",
          "all_points_x": [
            447,
            440,
            407,
            397,
            377,
            356,
            364,
            355,
            389,
            395,
            415,
            432,
            420,
            427,
            444,
            471,
            491,
            459
          ],
          "all_points_y": [
            5,
            31,
            11,
            35,
            4,
            21,
            61,
            63,
            148,
            168,
            179,
            175,
            149,
            111,
            83,
            73,
            28,
            5
          ]
        },
        "region_attributes": {}
      },
      {
        "shape_attributes": {
          "name": "polygon",
          "all_points_x": [
            423,
            417,
            444,
            460,
            451
          ],
          "all_points_y": [
            189,
            225,
            224,
            187,
            176
          ]
        },
        "region_attributes": {}
      }
    ],
    "file_attributes": {}
  }
}